ID,Title,Author,Genre,Year,ISBN,Status
1,The Silent Forest,John Smith,Fantasy,2018,9780000000011,Available
2,The Last Kingdom,Robert James,Historical,2015,9780000000028,Available
3,Beyond the Stars,Michael Brown,Science Fiction,2020,9780000000035,Issued
4,Whispers in the Dark,Emily Clark,Mystery,2017,9780000000042,Available
5,The Hidden Truth,David Wilson,Thriller,2019,9780000000059,Available
6,Journey to Tomorrow,Sarah Jones,Adventure,2021,9780000000066,Available
7,The Lost City,Daniel Taylor,Adventure,2016,9780000000073,Issued
8,Shadows of Time,Laura Anderson,Fantasy,2018,9780000000080,Available
9,The Broken Crown,James Thomas,Historical,2014,9780000000097,Available
10,Ocean of Dreams,Anna Jackson,Romance,2022,9780000000103,Available
11,The Forgotten Path,William White,Mystery,2017,9780000000110,Available
12,Stars Above Us,Olivia Harris,Science Fiction,2020,9780000000127,Issued
13,The Dark Tower,Christopher Martin,Fantasy,2013,9780000000134,Available
14,Secrets of the Lake,Sophia Thompson,Mystery,2019,9780000000141,Available
15,The Final Chapter,Matthew Garcia,Thriller,2021,9780000000158,Available
16,Across the Desert,Isabella Martinez,Adventure,2016,9780000000165,Available
17,The Crystal Kingdom,Andrew Robinson,Fantasy,2018,9780000000172,Available
18,Letters from Home,Charlotte Lee,Drama,2015,9780000000189,Available
19,The Golden Key,Joseph Walker,Fantasy,2022,9780000000196,Available
20,Under the Moonlight,Amelia Hall,Romance,2019,9780000000202,Issued
21,The Ancient Scroll,Thomas Allen,Historical,2014,9780000000219,Available
22,The Midnight Mystery,Evelyn Young,Mystery,2020,9780000000226,Available
23,Echoes of War,George Hernandez,Historical,2017,9780000000233,Available
24,The Infinite World,Grace King,Science Fiction,2021,9780000000240,Available
25,The Secret Garden,Henry Wright,Fantasy,2015,9780000000257,Issued
26,Chasing Shadows,Lily Lopez,Thriller,2019,9780000000264,Available
27,The Wandering Soul,Samuel Hill,Drama,2018,9780000000271,Available
28,Fire and Ice,Elizabeth Scott,Fantasy,2020,9780000000288,Available
29,The Last Explorer,Benjamin Green,Adventure,2016,9780000000295,Available
30,The Emerald Sword,Natalie Adams,Fantasy,2022,9780000000301,Available
31,City of Secrets,Alexander Baker,Mystery,2017,9780000000318,Available
32,The Broken Mirror,Mia Nelson,Thriller,2019,9780000000325,Available
33,The Endless Road,Lucas Carter,Adventure,2018,9780000000332,Available
34,Dreams of Tomorrow,Harper Mitchell,Science Fiction,2021,9780000000349,Available
35,The Silver Crown,Daniel Perez,Fantasy,2015,9780000000356,Available
36,The Forgotten King,Victoria Roberts,Historical,2014,9780000000363,Available
37,The Red Door,Samuel Turner,Mystery,2020,9780000000370,Available
38,Across the Ocean,Lucy Phillips,Adventure,2019,9780000000387,Available
39,The Last Star,Jack Campbell,Science Fiction,2022,9780000000394,Available
40,The Whispering House,Emily Parker,Horror,2017,9780000000400,Available
41,The Lost Treasure,Daniel Evans,Adventure,2016,9780000000417,Issued
42,Kingdom of Fire,Sophie Edwards,Fantasy,2018,9780000000424,Available
43,The Hidden Door,Noah Collins,Mystery,2021,9780000000431,Available
44,Memories of Yesterday,Ava Stewart,Drama,2019,9780000000448,Available
45,The Final Quest,Liam Sanchez,Adventure,2020,9780000000455,Available
46,The Shadow King,Emma Morris,Fantasy,2015,9780000000462,Available
47,Beyond the Horizon,William Rogers,Adventure,2018,9780000000479,Available
48,The Silent Witness,Chloe Reed,Thriller,2022,9780000000486,Available
49,The Frozen Lake,Ethan Cook,Mystery,2017,9780000000493,Available
50,The Book of Secrets,Aria Morgan,Fantasy,2019,9780000000509,Available
51,The Forgotten World,James Bell,Science Fiction,2021,9780000000516,Available
52,The Last Guardian,Scarlett Murphy,Fantasy,2016,9780000000523,Available
53,Whispers of Rain,Henry Bailey,Romance,2018,9780000000530,Available
54,The Dark Horizon,Ella Rivera,Thriller,2020,9780000000547,Available
55,The Ancient Kingdom,Alexander Cooper,Historical,2015,9780000000554,Available
56,The Secret Island,Grace Richardson,Adventure,2019,9780000000561,Available
57,The Crystal Lake,Leo Cox,Mystery,2022,9780000000578,Available
58,The Last Voyage,Isla Howard,Adventure,2017,9780000000585,Available
59,The Star Traveler,Oscar Ward,Science Fiction,2020,9780000000592,Available
60,The Midnight Forest,Ella Torres,Fantasy,2018,9780000000608,Available
61,The Broken Sword,Henry Peterson,Historical,2016,9780000000615,Available
62,The Hidden Castle,Lucy Gray,Fantasy,2019,9780000000622,Available
63,The Silent River,Jacob Ramirez,Mystery,2021,9780000000639,Available
64,The Golden Path,Amelia James,Adventure,2015,9780000000646,Available
65,The Dark Secret,Oliver Watson,Thriller,2018,9780000000653,Available
66,The Endless Night,Sophia Brooks,Horror,2020,9780000000660,Available
67,The Lost Prince,William Kelly,Fantasy,2017,9780000000677,Available
68,The Final Journey,Emily Sanders,Adventure,2022,9780000000684,Available
69,The Secret Code,Daniel Price,Mystery,2019,9780000000691,Available
70,The Silver Star,Charlotte Bennett,Science Fiction,2021,9780000000707,Available
71,The Forgotten Village,James Wood,Historical,2016,9780000000714,Available
72,The Moonlit Road,Olivia Barnes,Romance,2018,9780000000721,Available
73,The Crimson Crown,Alexander Ross,Fantasy,2020,9780000000738,Available
74,The Hidden Treasure,Isabella Henderson,Adventure,2017,9780000000745,Available
75,The Last Detective,Michael Cole,Mystery,2019,9780000000752,Available
76,The Silent Storm,Sarah Jenkins,Thriller,2021,9780000000769,Available
77,The Forgotten Planet,Robert Perry,Science Fiction,2022,9780000000776,Available
78,The Magic Forest,Laura Powell,Fantasy,2015,9780000000783,Available
79,The Ancient Secret,Christopher Long,Historical,2018,9780000000790,Available
80,The Final Mystery,Anna Patterson,Mystery,2020,9780000000806,Available
81,The Ocean Path,Matthew Hughes,Adventure,2016,9780000000813,Available
82,The Shadow Castle,Natalie Flores,Fantasy,2019,9780000000820,Available
83,The Lost Letter,Andrew Washington,Drama,2017,9780000000837,Available
84,The Star Kingdom,Victoria Butler,Science Fiction,2021,9780000000844,Available
85,The Dark Forest,Joseph Simmons,Horror,2018,9780000000851,Available
86,The Golden Empire,Amelia Foster,Historical,2015,9780000000868,Available
87,The Silent Castle,Thomas Gonzalez,Mystery,2022,9780000000875,Available
88,The Last Warrior,Elizabeth Bryant,Fantasy,2016,9780000000882,Available
89,The Hidden Horizon,George Alexander,Adventure,2019,9780000000899,Available
90,The Endless Sea,Sophie Russell,Romance,2020,9780000000905,Available
91,The Crystal Sword,Benjamin Griffin,Fantasy,2017,9780000000912,Available
92,The Forgotten Star,Charlotte Diaz,Science Fiction,2021,9780000000929,Available
93,The Secret Kingdom,Lucas Hayes,Fantasy,2018,9780000000936,Available
94,The Midnight Door,Evelyn Myers,Mystery,2019,9780000000943,Available
95,The Final Battle,Jack Ford,Adventure,2022,9780000000950,Available
96,The Lost Crown,Mia Hamilton,Historical,2016,9780000000967,Available
97,The Whispering Woods,Noah Graham,Horror,2020,9780000000974,Available
98,The Last Dream,Harper Sullivan,Romance,2018,9780000000981,Available
99,The Infinite Journey,Liam Wallace,Science Fiction,2021,9780000000998,Available
100,The Forgotten Castle,Emma Woods,Fantasy,2019,9780000001001,Available
